segment_id,total_feminicide,total_homicide,total_felony_murder,total_bodily_harm,total_theft_cellphone,total_armed_robbery_cellphone,total_theft_auto,total_armed_robbery_auto
100289,0.0,0.0,0.0,0.0,5.0,0.0,5.0,0.0
100291,0.0,0.0,0.0,0.0,0.0,5.0,0.0,0.0
100294,0.0,0.0,0.0,0.0,0.0,5.0,0.0,0.0
100296,0.0,0.0,0.0,0.0,5.0,0.0,0.0,0.0
100297,0.0,0.0,0.0,0.0,0.0,5.0,5.0,5.0
100298,0.0,0.0,0.0,0.0,5.0,0.0,0.0,0.0
100300,0.0,0.0,0.0,0.0,0.0,10.0,0.0,0.0
100301,0.0,0.0,0.0,0.0,0.0,5.0,0.0,10.0
100303,0.0,0.0,0.0,0.0,0.0,5.0,5.0,0.0
100307,0.0,0.0,0.0,0.0,0.0,0.0,0.0,5.0
100311,0.0,0.0,0.0,0.0,0.0,5.0,0.0,0.0
100316,0.0,0.0,0.0,0.0,0.0,5.0,0.0,0.0
100317,0.0,0.0,0.0,0.0,5.0,0.0,0.0,0.0
100318,0.0,0.0,0.0,0.0,0.0,0.0,0.0,5.0
100327,0.0,0.0,0.0,0.0,0.0,5.0,0.0,0.0
100328,0.0,0.0,0.0,0.0,0.0,5.0,0.0,5.0
100329,0.0,0.0,0.0,0.0,0.0,5.0,0.0,5.0
100332,0.0,0.0,0.0,0.0,0.0,5.0,0.0,5.0
100333,0.0,0.0,0.0,0.0,0.0,5.0,0.0,5.0
113117,0.0,0.0,0.0,0.0,0.0,5.0,5.0,5.0
113124,0.0,0.0,0.0,0.0,0.0,10.0,0.0,5.0
113146,0.0,5.0,0.0,0.0,170.0,1305.0,130.0,1400.0
113163,0.0,0.0,0.0,0.0,0.0,5.0,0.0,0.0
113166,0.0,0.0,0.0,0.0,0.0,15.0,0.0,30.0
113167,0.0,0.0,0.0,0.0,0.0,5.0,0.0,10.0
113172,0.0,0.0,0.0,0.0,0.0,10.0,10.0,10.0
113173,0.0,0.0,0.0,0.0,0.0,0.0,5.0,0.0
113175,0.0,0.0,0.0,0.0,0.0,0.0,5.0,0.0
113177,0.0,0.0,0.0,0.0,0.0,5.0,0.0,0.0
113178,0.0,0.0,0.0,0.0,0.0,35.0,0.0,10.0
113180,0.0,0.0,0.0,0.0,10.0,35.0,5.0,25.0
113181,0.0,0.0,0.0,0.0,5.0,5.0,0.0,20.0
113183,0.0,0.0,0.0,0.0,10.0,30.0,5.0,30.0
113184,0.0,0.0,0.0,0.0,10.0,20.0,5.0,10.0
113186,0.0,0.0,0.0,0.0,25.0,65.0,20.0,90.0
113187,0.0,0.0,0.0,0.0,0.0,5.0,0.0,5.0
113188,0.0,0.0,0.0,0.0,0.0,5.0,0.0,5.0
116396,0.0,0.0,0.0,0.0,0.0,5.0,0.0,0.0
116397,0.0,0.0,0.0,0.0,0.0,5.0,0.0,5.0
116398,0.0,0.0,0.0,0.0,0.0,0.0,0.0,10.0
116399,0.0,0.0,0.0,0.0,0.0,10.0,0.0,5.0
116400,0.0,0.0,0.0,0.0,0.0,5.0,0.0,5.0
116404,0.0,0.0,0.0,0.0,0.0,5.0,0.0,0.0
116406,0.0,0.0,0.0,0.0,0.0,0.0,0.0,5.0
116407,0.0,0.0,0.0,0.0,5.0,70.0,10.0,30.0
116408,0.0,0.0,0.0,0.0,0.0,0.0,5.0,0.0
116410,0.0,0.0,0.0,0.0,0.0,5.0,0.0,5.0
116411,0.0,0.0,0.0,0.0,0.0,5.0,0.0,0.0
116412,0.0,0.0,0.0,0.0,0.0,5.0,0.0,10.0
116413,0.0,0.0,0.0,0.0,10.0,10.0,0.0,5.0
116419,0.0,0.0,0.0,0.0,0.0,0.0,0.0,5.0
116420,0.0,0.0,0.0,0.0,0.0,5.0,5.0,25.0
116421,0.0,0.0,0.0,0.0,0.0,0.0,0.0,5.0
116422,0.0,0.0,0.0,0.0,0.0,0.0,5.0,0.0
116424,0.0,0.0,0.0,0.0,0.0,0.0,0.0,15.0
116426,0.0,0.0,0.0,0.0,0.0,0.0,0.0,15.0
116427,0.0,0.0,0.0,0.0,0.0,10.0,0.0,5.0
116429,0.0,0.0,0.0,0.0,0.0,5.0,0.0,5.0
116430,0.0,0.0,0.0,0.0,0.0,10.0,0.0,0.0
116431,0.0,0.0,0.0,0.0,0.0,5.0,0.0,0.0
116435,0.0,0.0,0.0,0.0,0.0,0.0,0.0,5.0
120528,0.0,0.0,0.0,0.0,0.0,15.0,0.0,0.0
120532,0.0,0.0,0.0,0.0,0.0,5.0,0.0,0.0
120535,0.0,0.0,0.0,0.0,0.0,25.0,0.0,10.0
120539,0.0,0.0,0.0,0.0,5.0,0.0,0.0,0.0
120573,0.0,0.0,0.0,0.0,0.0,5.0,0.0,0.0
120577,0.0,0.0,0.0,0.0,0.0,5.0,0.0,5.0
129861,0.0,0.0,0.0,0.0,0.0,10.0,0.0,15.0
129862,0.0,0.0,0.0,0.0,0.0,5.0,5.0,0.0
129863,0.0,0.0,0.0,0.0,5.0,30.0,15.0,10.0
129864,0.0,0.0,0.0,0.0,0.0,10.0,0.0,10.0
129865,0.0,0.0,0.0,0.0,0.0,30.0,0.0,30.0
129874,0.0,0.0,0.0,0.0,0.0,5.0,5.0,0.0
129875,0.0,0.0,0.0,0.0,0.0,5.0,10.0,0.0
129876,0.0,0.0,0.0,0.0,0.0,0.0,5.0,5.0
129877,0.0,0.0,0.0,0.0,5.0,15.0,5.0,10.0
129878,0.0,0.0,0.0,0.0,0.0,5.0,0.0,5.0
129879,0.0,0.0,0.0,0.0,0.0,5.0,0.0,0.0
129880,0.0,0.0,0.0,0.0,0.0,0.0,0.0,10.0
129881,0.0,0.0,0.0,0.0,0.0,15.0,0.0,30.0
129892,0.0,0.0,0.0,0.0,0.0,0.0,5.0,0.0
129897,0.0,15.0,0.0,0.0,20.0,90.0,5.0,100.0
129898,0.0,0.0,0.0,0.0,0.0,0.0,0.0,10.0
129905,0.0,0.0,0.0,0.0,0.0,5.0,0.0,5.0
143791,0.0,0.0,0.0,0.0,0.0,0.0,0.0,5.0
143796,0.0,0.0,0.0,0.0,0.0,5.0,0.0,0.0
143797,0.0,0.0,0.0,0.0,0.0,0.0,0.0,5.0
143799,0.0,0.0,0.0,0.0,0.0,0.0,0.0,5.0
143801,0.0,0.0,0.0,0.0,0.0,0.0,0.0,5.0
145270,0.0,0.0,0.0,0.0,0.0,5.0,0.0,5.0
163986,0.0,0.0,0.0,0.0,0.0,5.0,0.0,5.0
163988,0.0,0.0,0.0,0.0,0.0,0.0,0.0,5.0
163994,0.0,0.0,0.0,0.0,0.0,5.0,0.0,15.0
163995,0.0,0.0,0.0,0.0,0.0,5.0,0.0,5.0
163998,0.0,0.0,0.0,0.0,0.0,5.0,0.0,10.0
165604,0.0,0.0,0.0,0.0,0.0,0.0,5.0,0.0
165606,0.0,0.0,0.0,0.0,0.0,10.0,5.0,5.0
165610,0.0,0.0,0.0,0.0,0.0,0.0,0.0,5.0
165612,0.0,0.0,0.0,0.0,0.0,10.0,0.0,0.0
165613,0.0,0.0,0.0,0.0,0.0,5.0,0.0,0.0
165614,0.0,0.0,0.0,0.0,0.0,10.0,0.0,0.0
165615,0.0,0.0,0.0,0.0,0.0,0.0,0.0,5.0
165616,0.0,0.0,0.0,0.0,0.0,5.0,0.0,5.0
165617,0.0,0.0,0.0,0.0,0.0,5.0,5.0,0.0
165619,0.0,0.0,0.0,0.0,0.0,10.0,10.0,5.0
165626,0.0,0.0,0.0,0.0,0.0,5.0,0.0,5.0
165636,0.0,0.0,0.0,0.0,0.0,5.0,0.0,5.0
165638,0.0,0.0,0.0,0.0,0.0,0.0,0.0,5.0
165641,0.0,0.0,0.0,0.0,0.0,10.0,0.0,0.0
165643,0.0,0.0,0.0,0.0,0.0,10.0,0.0,0.0
165645,0.0,0.0,0.0,0.0,0.0,5.0,0.0,0.0
165647,0.0,0.0,0.0,0.0,0.0,5.0,0.0,5.0
165653,0.0,0.0,0.0,0.0,0.0,5.0,0.0,0.0
165654,0.0,0.0,0.0,0.0,0.0,5.0,0.0,0.0
165655,0.0,0.0,0.0,0.0,0.0,5.0,0.0,5.0
165656,0.0,0.0,0.0,0.0,0.0,5.0,0.0,0.0
165658,0.0,0.0,0.0,0.0,0.0,0.0,0.0,5.0
165673,0.0,0.0,0.0,0.0,0.0,0.0,0.0,5.0
165677,0.0,0.0,0.0,0.0,0.0,0.0,5.0,0.0
165691,0.0,0.0,0.0,0.0,0.0,5.0,0.0,0.0
165693,0.0,0.0,0.0,0.0,5.0,0.0,5.0,5.0
165696,0.0,0.0,0.0,0.0,0.0,5.0,0.0,5.0
166474,0.0,0.0,0.0,0.0,0.0,15.0,5.0,0.0
166976,0.0,0.0,0.0,0.0,0.0,0.0,0.0,5.0
167011,0.0,0.0,0.0,0.0,0.0,5.0,0.0,5.0
167070,0.0,5.0,0.0,0.0,0.0,0.0,0.0,0.0
167072,0.0,0.0,0.0,0.0,0.0,0.0,0.0,5.0
167073,0.0,0.0,0.0,0.0,0.0,15.0,5.0,10.0
167703,0.0,0.0,0.0,0.0,0.0,10.0,0.0,5.0
167705,0.0,0.0,0.0,0.0,0.0,15.0,5.0,30.0
167786,0.0,0.0,0.0,0.0,0.0,0.0,0.0,5.0
167839,0.0,0.0,0.0,0.0,0.0,0.0,0.0,5.0
167848,0.0,0.0,0.0,0.0,0.0,10.0,0.0,0.0
167849,0.0,0.0,0.0,0.0,5.0,5.0,0.0,0.0
167878,0.0,0.0,0.0,0.0,0.0,0.0,0.0,5.0
167879,0.0,0.0,0.0,0.0,0.0,5.0,0.0,0.0
167880,0.0,0.0,0.0,0.0,0.0,0.0,5.0,0.0
167889,0.0,0.0,0.0,0.0,0.0,5.0,0.0,0.0
167900,0.0,0.0,0.0,0.0,0.0,0.0,0.0,5.0
167904,0.0,0.0,0.0,0.0,0.0,0.0,5.0,0.0
167924,0.0,0.0,0.0,0.0,0.0,5.0,0.0,0.0
167926,0.0,10.0,0.0,0.0,0.0,10.0,5.0,0.0
167929,0.0,0.0,0.0,0.0,0.0,0.0,5.0,0.0
167933,0.0,0.0,0.0,0.0,0.0,20.0,0.0,25.0
167934,0.0,0.0,0.0,0.0,5.0,10.0,0.0,15.0
167938,0.0,0.0,0.0,0.0,0.0,0.0,5.0,0.0
167951,0.0,0.0,0.0,0.0,0.0,5.0,0.0,0.0
167969,0.0,0.0,0.0,0.0,0.0,5.0,0.0,5.0
171143,0.0,0.0,0.0,0.0,0.0,10.0,0.0,0.0
171145,0.0,0.0,0.0,0.0,0.0,5.0,0.0,5.0
171148,0.0,0.0,0.0,0.0,0.0,5.0,0.0,10.0
171150,0.0,0.0,0.0,0.0,15.0,25.0,0.0,10.0
171151,0.0,0.0,0.0,0.0,10.0,10.0,5.0,10.0
171152,0.0,0.0,0.0,0.0,0.0,0.0,5.0,0.0
171153,0.0,0.0,0.0,0.0,20.0,10.0,5.0,0.0
171154,0.0,0.0,0.0,0.0,5.0,20.0,0.0,0.0
171155,0.0,0.0,0.0,0.0,30.0,75.0,40.0,25.0
171156,0.0,0.0,0.0,0.0,5.0,10.0,5.0,10.0
171157,0.0,0.0,0.0,0.0,25.0,125.0,5.0,65.0
171158,0.0,0.0,0.0,0.0,0.0,10.0,0.0,10.0
171160,0.0,0.0,0.0,0.0,0.0,25.0,15.0,25.0
171162,0.0,0.0,0.0,0.0,20.0,10.0,5.0,5.0
171163,0.0,0.0,0.0,0.0,20.0,55.0,15.0,45.0
171164,0.0,0.0,0.0,0.0,10.0,20.0,0.0,5.0
171165,0.0,0.0,0.0,0.0,15.0,0.0,0.0,0.0
171166,0.0,0.0,0.0,0.0,0.0,10.0,0.0,0.0
171169,0.0,0.0,0.0,0.0,0.0,0.0,5.0,5.0
171170,0.0,0.0,0.0,0.0,0.0,35.0,5.0,20.0
171171,0.0,0.0,0.0,0.0,0.0,5.0,0.0,0.0
171178,0.0,0.0,0.0,0.0,0.0,25.0,5.0,20.0
171179,0.0,0.0,0.0,0.0,0.0,0.0,0.0,5.0
171180,0.0,0.0,0.0,0.0,0.0,5.0,0.0,5.0
171181,0.0,0.0,0.0,0.0,0.0,5.0,0.0,10.0
171182,0.0,0.0,0.0,0.0,0.0,5.0,10.0,15.0
171183,0.0,0.0,0.0,0.0,5.0,10.0,5.0,0.0
171184,0.0,0.0,0.0,0.0,0.0,0.0,0.0,5.0
171186,0.0,0.0,0.0,0.0,0.0,5.0,0.0,5.0
171187,0.0,0.0,0.0,0.0,0.0,0.0,0.0,5.0
171188,0.0,0.0,0.0,0.0,0.0,5.0,0.0,5.0
179675,0.0,0.0,0.0,0.0,0.0,15.0,0.0,10.0
179676,0.0,0.0,0.0,0.0,0.0,5.0,0.0,0.0
179698,0.0,0.0,0.0,0.0,0.0,0.0,0.0,5.0
179721,0.0,0.0,0.0,0.0,0.0,0.0,0.0,5.0
179774,0.0,0.0,0.0,0.0,0.0,5.0,0.0,0.0
179776,0.0,0.0,0.0,0.0,0.0,0.0,0.0,5.0
179778,0.0,0.0,0.0,0.0,0.0,0.0,0.0,5.0
179784,0.0,0.0,0.0,0.0,0.0,5.0,5.0,0.0
179786,0.0,0.0,0.0,0.0,0.0,10.0,0.0,0.0
179787,0.0,0.0,0.0,0.0,0.0,30.0,10.0,40.0
179788,0.0,0.0,0.0,0.0,0.0,10.0,0.0,0.0
179789,0.0,0.0,0.0,0.0,0.0,10.0,5.0,0.0
179790,0.0,0.0,0.0,0.0,5.0,15.0,0.0,0.0
179791,0.0,0.0,0.0,0.0,0.0,10.0,0.0,10.0
179792,0.0,0.0,0.0,0.0,0.0,30.0,0.0,15.0
179793,0.0,0.0,0.0,0.0,0.0,10.0,0.0,15.0
179794,0.0,0.0,0.0,0.0,0.0,10.0,0.0,15.0
179795,0.0,0.0,0.0,0.0,10.0,0.0,0.0,5.0
181588,0.0,0.0,0.0,0.0,0.0,5.0,0.0,5.0
181589,0.0,0.0,0.0,0.0,0.0,0.0,5.0,0.0
181600,0.0,0.0,0.0,0.0,0.0,5.0,0.0,5.0
181608,0.0,0.0,0.0,0.0,0.0,5.0,0.0,0.0
181627,0.0,0.0,0.0,0.0,5.0,0.0,0.0,0.0
181683,0.0,0.0,0.0,0.0,5.0,0.0,5.0,0.0
181690,0.0,0.0,0.0,0.0,0.0,5.0,0.0,0.0
181691,0.0,0.0,0.0,0.0,0.0,0.0,5.0,0.0
181692,0.0,0.0,0.0,0.0,0.0,5.0,5.0,15.0
181693,0.0,0.0,0.0,0.0,0.0,5.0,0.0,0.0
181696,0.0,0.0,0.0,0.0,0.0,5.0,0.0,5.0
181699,0.0,0.0,0.0,0.0,5.0,5.0,5.0,10.0
181700,0.0,0.0,0.0,0.0,5.0,10.0,5.0,20.0
181701,0.0,0.0,0.0,0.0,0.0,15.0,0.0,0.0
181703,0.0,0.0,0.0,0.0,5.0,5.0,5.0,5.0
181706,0.0,0.0,0.0,0.0,15.0,60.0,15.0,50.0
181709,0.0,0.0,0.0,0.0,0.0,0.0,0.0,5.0
181710,0.0,0.0,0.0,0.0,5.0,15.0,0.0,10.0
181717,0.0,0.0,0.0,0.0,5.0,5.0,0.0,5.0
181718,0.0,0.0,0.0,0.0,0.0,25.0,5.0,5.0
181719,0.0,0.0,0.0,0.0,0.0,0.0,5.0,0.0
181720,0.0,0.0,0.0,0.0,0.0,10.0,10.0,5.0
181721,0.0,0.0,0.0,0.0,0.0,0.0,15.0,0.0
181722,0.0,0.0,0.0,0.0,0.0,15.0,0.0,10.0
181723,0.0,0.0,0.0,0.0,0.0,5.0,0.0,5.0
181724,0.0,0.0,0.0,0.0,0.0,0.0,5.0,5.0
181725,0.0,5.0,0.0,0.0,5.0,35.0,0.0,5.0
181726,0.0,5.0,0.0,0.0,20.0,35.0,0.0,60.0
181745,0.0,0.0,0.0,0.0,0.0,5.0,0.0,5.0
181747,0.0,0.0,0.0,0.0,0.0,5.0,5.0,0.0
181748,0.0,0.0,0.0,0.0,0.0,0.0,0.0,5.0
181749,0.0,0.0,0.0,0.0,5.0,15.0,0.0,0.0
181751,0.0,0.0,0.0,0.0,0.0,15.0,0.0,5.0
181752,0.0,0.0,0.0,0.0,0.0,30.0,0.0,5.0
181753,0.0,0.0,0.0,0.0,5.0,5.0,0.0,0.0
181754,0.0,0.0,0.0,0.0,0.0,0.0,0.0,5.0
181755,0.0,0.0,0.0,0.0,0.0,5.0,0.0,0.0
181756,0.0,0.0,0.0,0.0,5.0,0.0,0.0,5.0
183316,0.0,0.0,0.0,0.0,0.0,5.0,0.0,10.0
183317,0.0,0.0,0.0,0.0,0.0,5.0,0.0,5.0
183319,0.0,0.0,0.0,0.0,0.0,5.0,0.0,10.0
183322,0.0,0.0,0.0,0.0,0.0,0.0,5.0,5.0
183330,0.0,0.0,0.0,0.0,0.0,5.0,0.0,5.0
183336,0.0,0.0,0.0,0.0,0.0,10.0,0.0,0.0
183338,0.0,0.0,0.0,0.0,0.0,15.0,0.0,5.0
183340,0.0,0.0,0.0,0.0,20.0,75.0,0.0,20.0
183342,0.0,0.0,0.0,0.0,0.0,5.0,0.0,0.0
183343,0.0,0.0,0.0,0.0,0.0,5.0,5.0,0.0
183344,0.0,0.0,0.0,0.0,0.0,15.0,0.0,5.0
183346,0.0,0.0,0.0,0.0,0.0,5.0,0.0,0.0
183348,0.0,0.0,0.0,0.0,0.0,0.0,0.0,5.0
183349,0.0,0.0,0.0,0.0,0.0,5.0,0.0,5.0
187977,0.0,0.0,0.0,0.0,0.0,5.0,0.0,0.0
188599,0.0,0.0,0.0,0.0,0.0,0.0,10.0,5.0
188601,0.0,0.0,0.0,0.0,0.0,15.0,0.0,10.0
194828,0.0,0.0,0.0,0.0,0.0,10.0,0.0,0.0
194834,0.0,0.0,0.0,0.0,0.0,10.0,0.0,0.0
194864,0.0,0.0,0.0,0.0,0.0,15.0,0.0,5.0
194865,0.0,0.0,0.0,0.0,0.0,10.0,5.0,5.0
194891,0.0,0.0,0.0,0.0,5.0,0.0,0.0,0.0
194892,0.0,0.0,0.0,0.0,5.0,5.0,0.0,5.0
194893,0.0,0.0,0.0,0.0,5.0,10.0,0.0,0.0
194896,0.0,0.0,0.0,0.0,0.0,10.0,0.0,5.0
194897,0.0,0.0,0.0,0.0,0.0,25.0,0.0,15.0
194899,0.0,0.0,0.0,0.0,5.0,0.0,0.0,5.0
194900,0.0,0.0,0.0,0.0,0.0,35.0,0.0,20.0
194901,0.0,0.0,0.0,0.0,0.0,10.0,10.0,0.0
194902,0.0,0.0,0.0,0.0,5.0,25.0,0.0,15.0
194903,0.0,0.0,0.0,0.0,0.0,15.0,5.0,5.0
194904,0.0,0.0,0.0,0.0,0.0,5.0,0.0,0.0
194905,0.0,0.0,0.0,0.0,0.0,5.0,0.0,5.0
194906,0.0,0.0,0.0,0.0,0.0,10.0,0.0,0.0
194907,0.0,0.0,0.0,0.0,0.0,5.0,0.0,5.0
194908,0.0,0.0,0.0,0.0,0.0,10.0,0.0,5.0
194909,0.0,0.0,0.0,0.0,0.0,10.0,0.0,5.0
194912,0.0,0.0,0.0,0.0,0.0,35.0,0.0,15.0
194913,0.0,0.0,0.0,0.0,5.0,5.0,0.0,0.0
194914,0.0,0.0,0.0,0.0,0.0,30.0,0.0,15.0
194915,0.0,0.0,0.0,0.0,5.0,10.0,5.0,5.0
194916,0.0,0.0,0.0,0.0,20.0,25.0,5.0,15.0
194918,0.0,0.0,0.0,0.0,10.0,5.0,0.0,0.0
194919,0.0,0.0,0.0,0.0,0.0,5.0,0.0,0.0
194920,0.0,0.0,0.0,0.0,0.0,30.0,0.0,15.0
194921,0.0,0.0,0.0,0.0,0.0,20.0,0.0,15.0
194922,0.0,0.0,0.0,0.0,0.0,10.0,0.0,0.0
194923,0.0,0.0,0.0,0.0,5.0,15.0,0.0,15.0
194924,0.0,0.0,0.0,0.0,0.0,20.0,0.0,0.0
194926,0.0,0.0,0.0,0.0,0.0,15.0,0.0,5.0
194927,0.0,0.0,0.0,0.0,0.0,25.0,0.0,5.0
194928,0.0,0.0,0.0,0.0,5.0,20.0,0.0,20.0
194930,0.0,0.0,0.0,0.0,0.0,5.0,0.0,0.0
196474,0.0,0.0,0.0,0.0,10.0,10.0,0.0,15.0
196476,0.0,0.0,0.0,0.0,0.0,5.0,0.0,5.0
199683,0.0,0.0,0.0,0.0,0.0,5.0,0.0,0.0
199684,0.0,0.0,0.0,0.0,0.0,5.0,0.0,0.0
200037,0.0,0.0,0.0,0.0,0.0,0.0,5.0,0.0
200047,0.0,0.0,0.0,0.0,0.0,5.0,0.0,5.0
200048,0.0,0.0,0.0,0.0,0.0,0.0,0.0,5.0
200742,0.0,0.0,0.0,0.0,0.0,0.0,5.0,0.0
200749,0.0,0.0,0.0,0.0,0.0,5.0,0.0,5.0
200750,0.0,0.0,0.0,0.0,0.0,5.0,0.0,0.0
200754,0.0,0.0,0.0,0.0,10.0,80.0,0.0,60.0
201083,0.0,0.0,0.0,0.0,0.0,0.0,5.0,0.0
201092,0.0,0.0,0.0,0.0,0.0,5.0,0.0,5.0
201094,0.0,0.0,0.0,0.0,0.0,0.0,5.0,0.0
201096,0.0,0.0,0.0,0.0,0.0,10.0,0.0,5.0
202000,0.0,0.0,0.0,0.0,0.0,15.0,10.0,15.0
202088,0.0,0.0,0.0,0.0,0.0,15.0,0.0,10.0
202089,0.0,0.0,0.0,0.0,0.0,0.0,5.0,0.0
212373,0.0,0.0,0.0,0.0,0.0,5.0,0.0,0.0
212384,0.0,0.0,0.0,0.0,0.0,45.0,0.0,25.0
212385,0.0,0.0,0.0,0.0,0.0,10.0,0.0,0.0
212386,0.0,0.0,0.0,0.0,10.0,0.0,10.0,15.0
212387,0.0,0.0,0.0,0.0,0.0,0.0,0.0,10.0
212388,0.0,0.0,0.0,0.0,0.0,20.0,5.0,20.0
212389,0.0,0.0,0.0,0.0,0.0,5.0,5.0,5.0
212390,0.0,0.0,0.0,0.0,0.0,5.0,0.0,5.0
212927,0.0,0.0,0.0,0.0,0.0,0.0,0.0,10.0
212928,0.0,0.0,0.0,0.0,5.0,10.0,0.0,0.0
212931,0.0,0.0,0.0,0.0,0.0,0.0,0.0,5.0
212934,0.0,0.0,0.0,0.0,5.0,0.0,0.0,0.0
212935,0.0,0.0,0.0,0.0,0.0,10.0,0.0,5.0
212937,0.0,0.0,0.0,0.0,0.0,5.0,0.0,10.0
212940,0.0,0.0,0.0,0.0,0.0,0.0,0.0,5.0
212941,0.0,0.0,0.0,0.0,0.0,5.0,0.0,0.0
212955,0.0,0.0,0.0,0.0,0.0,5.0,5.0,5.0
212956,0.0,0.0,0.0,0.0,0.0,5.0,0.0,0.0
212957,0.0,0.0,0.0,0.0,0.0,5.0,0.0,10.0
212958,0.0,0.0,0.0,0.0,0.0,0.0,0.0,5.0
212959,0.0,0.0,0.0,0.0,40.0,275.0,25.0,190.0
212985,0.0,0.0,0.0,0.0,0.0,5.0,0.0,0.0
212987,0.0,0.0,0.0,0.0,0.0,10.0,5.0,0.0
213004,0.0,0.0,0.0,0.0,0.0,5.0,0.0,5.0
213005,0.0,0.0,0.0,0.0,0.0,35.0,5.0,35.0
213013,0.0,0.0,0.0,0.0,0.0,10.0,0.0,15.0
213016,0.0,0.0,0.0,0.0,5.0,5.0,0.0,5.0
213642,0.0,0.0,0.0,0.0,0.0,10.0,0.0,0.0
214224,0.0,0.0,0.0,0.0,0.0,5.0,0.0,0.0
214378,0.0,0.0,0.0,0.0,0.0,5.0,0.0,5.0
214758,0.0,0.0,0.0,0.0,0.0,0.0,5.0,0.0
214765,0.0,0.0,0.0,0.0,5.0,5.0,0.0,0.0
215320,0.0,0.0,0.0,0.0,0.0,5.0,0.0,0.0
215321,0.0,0.0,0.0,0.0,0.0,5.0,0.0,0.0
215556,0.0,5.0,0.0,0.0,5.0,15.0,0.0,5.0
215558,0.0,0.0,0.0,0.0,0.0,10.0,0.0,15.0
215559,0.0,0.0,0.0,0.0,0.0,15.0,0.0,10.0
215560,0.0,0.0,0.0,0.0,0.0,5.0,0.0,10.0
215563,0.0,0.0,0.0,0.0,0.0,5.0,0.0,5.0
216462,0.0,0.0,0.0,0.0,0.0,10.0,0.0,0.0
216463,0.0,0.0,0.0,0.0,0.0,5.0,0.0,5.0
216464,0.0,0.0,0.0,0.0,0.0,15.0,0.0,15.0
216465,0.0,0.0,0.0,0.0,0.0,15.0,5.0,20.0
216466,0.0,0.0,0.0,0.0,0.0,10.0,0.0,5.0
216467,0.0,0.0,0.0,0.0,0.0,15.0,0.0,5.0
216468,0.0,0.0,0.0,0.0,5.0,10.0,5.0,5.0
216470,0.0,0.0,0.0,0.0,5.0,10.0,5.0,20.0
2191,0.0,0.0,0.0,0.0,0.0,10.0,0.0,5.0
2192,0.0,0.0,0.0,0.0,10.0,15.0,0.0,5.0
2193,0.0,0.0,0.0,0.0,10.0,35.0,20.0,30.0
2194,0.0,0.0,0.0,0.0,5.0,10.0,5.0,5.0
220584,0.0,0.0,0.0,0.0,0.0,10.0,0.0,30.0
220645,0.0,0.0,0.0,0.0,0.0,0.0,0.0,5.0
220647,0.0,0.0,0.0,0.0,0.0,10.0,0.0,0.0
221456,0.0,0.0,0.0,0.0,0.0,10.0,0.0,10.0
221457,0.0,0.0,0.0,0.0,0.0,15.0,0.0,5.0
221458,0.0,0.0,0.0,0.0,0.0,10.0,0.0,15.0
221462,0.0,0.0,0.0,0.0,0.0,0.0,0.0,5.0
221463,0.0,10.0,0.0,0.0,0.0,10.0,0.0,0.0
221729,0.0,0.0,0.0,0.0,5.0,15.0,5.0,15.0
226950,0.0,0.0,0.0,0.0,0.0,10.0,0.0,5.0
67083,0.0,0.0,0.0,0.0,0.0,0.0,5.0,5.0
67084,0.0,0.0,0.0,0.0,0.0,20.0,0.0,25.0
67085,0.0,0.0,0.0,0.0,0.0,5.0,0.0,0.0
67086,0.0,0.0,0.0,0.0,0.0,0.0,5.0,0.0
67087,0.0,0.0,0.0,0.0,0.0,5.0,0.0,0.0
67089,0.0,0.0,0.0,0.0,0.0,10.0,0.0,5.0
67090,0.0,0.0,0.0,0.0,0.0,5.0,0.0,0.0
67091,0.0,0.0,0.0,0.0,0.0,10.0,0.0,5.0
67092,0.0,0.0,0.0,0.0,10.0,5.0,0.0,0.0
67093,0.0,0.0,0.0,0.0,0.0,5.0,15.0,5.0
67094,0.0,0.0,0.0,0.0,0.0,10.0,0.0,15.0
67095,0.0,0.0,0.0,0.0,0.0,0.0,10.0,0.0
67096,0.0,0.0,0.0,0.0,0.0,5.0,0.0,5.0
67099,0.0,0.0,0.0,0.0,0.0,0.0,5.0,5.0
67100,0.0,0.0,0.0,0.0,0.0,5.0,0.0,0.0
67102,0.0,0.0,0.0,0.0,0.0,5.0,0.0,10.0
67104,0.0,0.0,0.0,0.0,0.0,5.0,0.0,5.0
67105,0.0,0.0,0.0,0.0,0.0,10.0,0.0,5.0
67106,0.0,0.0,0.0,0.0,0.0,5.0,10.0,5.0
67107,0.0,0.0,0.0,0.0,0.0,5.0,0.0,5.0
67114,0.0,0.0,0.0,0.0,0.0,15.0,0.0,10.0
67115,0.0,0.0,0.0,0.0,0.0,5.0,0.0,0.0
67116,0.0,0.0,0.0,0.0,0.0,5.0,0.0,0.0
67128,0.0,0.0,0.0,0.0,0.0,0.0,0.0,5.0
67130,0.0,0.0,0.0,0.0,0.0,5.0,5.0,5.0
67131,0.0,0.0,0.0,0.0,0.0,5.0,0.0,0.0
67133,0.0,0.0,0.0,0.0,0.0,10.0,5.0,10.0
67134,0.0,0.0,0.0,0.0,5.0,0.0,0.0,5.0
67135,0.0,0.0,0.0,0.0,5.0,0.0,0.0,0.0
67136,0.0,0.0,0.0,0.0,0.0,0.0,5.0,0.0
67137,0.0,0.0,0.0,0.0,0.0,5.0,0.0,10.0
67139,0.0,0.0,0.0,0.0,0.0,15.0,5.0,10.0
67142,0.0,0.0,0.0,0.0,0.0,0.0,10.0,10.0
67143,0.0,0.0,0.0,0.0,0.0,10.0,0.0,0.0
67145,0.0,0.0,0.0,0.0,0.0,5.0,0.0,5.0
67146,0.0,0.0,0.0,0.0,0.0,0.0,5.0,5.0
67147,0.0,0.0,0.0,0.0,0.0,5.0,0.0,5.0
67148,0.0,0.0,0.0,0.0,10.0,5.0,0.0,10.0
67150,0.0,0.0,0.0,0.0,0.0,10.0,0.0,10.0
67151,0.0,0.0,0.0,0.0,0.0,5.0,0.0,10.0
67152,0.0,0.0,0.0,0.0,0.0,5.0,0.0,10.0
67159,0.0,0.0,0.0,0.0,0.0,5.0,0.0,15.0
67160,0.0,0.0,0.0,0.0,0.0,5.0,0.0,0.0
67161,0.0,0.0,0.0,0.0,0.0,0.0,0.0,5.0
67163,0.0,0.0,0.0,0.0,0.0,5.0,5.0,0.0
67165,0.0,0.0,0.0,0.0,0.0,0.0,10.0,0.0
67167,0.0,0.0,0.0,0.0,0.0,5.0,10.0,0.0
67169,0.0,0.0,0.0,0.0,0.0,0.0,0.0,5.0
67170,0.0,0.0,0.0,0.0,0.0,10.0,0.0,5.0
67171,0.0,0.0,0.0,0.0,0.0,15.0,5.0,5.0
67172,0.0,0.0,0.0,0.0,0.0,5.0,5.0,5.0
67176,0.0,0.0,0.0,0.0,0.0,0.0,0.0,5.0
67177,0.0,0.0,0.0,0.0,0.0,5.0,0.0,0.0
69297,0.0,0.0,0.0,0.0,10.0,35.0,5.0,30.0
69307,0.0,0.0,0.0,0.0,0.0,20.0,0.0,25.0
69308,0.0,0.0,0.0,0.0,5.0,10.0,0.0,10.0
69700,0.0,0.0,0.0,0.0,0.0,0.0,0.0,10.0
69703,0.0,0.0,0.0,0.0,0.0,5.0,0.0,0.0
69704,0.0,0.0,0.0,0.0,0.0,0.0,0.0,5.0
69706,0.0,0.0,0.0,0.0,0.0,10.0,0.0,0.0
69709,0.0,0.0,0.0,0.0,0.0,5.0,0.0,5.0
69710,0.0,0.0,0.0,0.0,0.0,5.0,0.0,0.0
69711,0.0,0.0,0.0,0.0,0.0,5.0,0.0,0.0
69717,0.0,0.0,0.0,0.0,0.0,20.0,0.0,0.0
69720,0.0,0.0,0.0,0.0,0.0,10.0,0.0,5.0
69721,0.0,0.0,0.0,0.0,0.0,15.0,5.0,5.0
69723,0.0,0.0,0.0,0.0,5.0,5.0,0.0,5.0
69724,0.0,0.0,0.0,0.0,0.0,10.0,0.0,5.0
69727,0.0,0.0,0.0,0.0,0.0,10.0,0.0,0.0
69728,0.0,0.0,0.0,0.0,0.0,0.0,0.0,10.0
69729,0.0,0.0,0.0,0.0,5.0,0.0,5.0,0.0
69730,0.0,0.0,0.0,0.0,0.0,5.0,0.0,0.0
69731,0.0,0.0,0.0,0.0,0.0,5.0,0.0,0.0
69732,0.0,0.0,0.0,0.0,0.0,10.0,0.0,10.0
69733,0.0,0.0,0.0,0.0,0.0,0.0,0.0,5.0
69735,0.0,0.0,0.0,0.0,5.0,5.0,5.0,5.0
69737,0.0,0.0,0.0,0.0,0.0,15.0,0.0,5.0
69738,0.0,0.0,0.0,0.0,5.0,5.0,0.0,5.0
69739,0.0,0.0,0.0,0.0,0.0,10.0,0.0,5.0
69740,0.0,0.0,0.0,0.0,0.0,5.0,0.0,0.0
69744,0.0,0.0,0.0,0.0,0.0,5.0,15.0,0.0
69745,0.0,0.0,0.0,0.0,0.0,5.0,5.0,0.0
69746,0.0,0.0,0.0,0.0,0.0,10.0,0.0,15.0
69748,0.0,0.0,0.0,0.0,0.0,5.0,10.0,0.0
69749,0.0,0.0,0.0,0.0,0.0,0.0,5.0,0.0
69758,0.0,0.0,0.0,0.0,0.0,0.0,0.0,5.0
69760,0.0,0.0,0.0,0.0,0.0,5.0,0.0,0.0
69761,0.0,0.0,0.0,0.0,0.0,0.0,0.0,5.0
69765,0.0,0.0,0.0,0.0,0.0,5.0,0.0,0.0
69766,0.0,0.0,0.0,0.0,0.0,5.0,0.0,5.0
69767,0.0,0.0,0.0,0.0,0.0,15.0,0.0,10.0
69771,0.0,0.0,0.0,0.0,0.0,5.0,0.0,0.0
69773,0.0,0.0,0.0,0.0,0.0,20.0,0.0,5.0
69774,0.0,0.0,0.0,0.0,0.0,5.0,0.0,0.0
69776,0.0,0.0,0.0,0.0,0.0,0.0,0.0,5.0
69777,0.0,0.0,0.0,0.0,0.0,5.0,0.0,0.0
70455,0.0,0.0,0.0,0.0,5.0,5.0,0.0,0.0
70457,0.0,0.0,0.0,0.0,5.0,10.0,5.0,20.0
70458,0.0,0.0,0.0,0.0,0.0,15.0,0.0,15.0
70459,0.0,0.0,0.0,0.0,0.0,15.0,0.0,15.0
70460,0.0,0.0,0.0,0.0,0.0,5.0,0.0,5.0
70461,0.0,0.0,0.0,0.0,0.0,5.0,0.0,0.0
70463,0.0,0.0,0.0,0.0,0.0,5.0,0.0,0.0
70465,0.0,0.0,0.0,0.0,0.0,0.0,5.0,0.0
70467,0.0,5.0,0.0,0.0,5.0,0.0,0.0,10.0
70469,0.0,0.0,0.0,0.0,0.0,0.0,0.0,5.0
71804,0.0,0.0,0.0,0.0,0.0,0.0,5.0,0.0
71806,0.0,0.0,0.0,0.0,0.0,0.0,0.0,5.0
71811,0.0,0.0,0.0,0.0,5.0,45.0,20.0,20.0
71820,0.0,0.0,0.0,0.0,0.0,5.0,0.0,5.0
71821,0.0,0.0,0.0,0.0,0.0,10.0,0.0,5.0
71822,0.0,0.0,0.0,0.0,0.0,0.0,0.0,5.0
71825,0.0,0.0,0.0,0.0,0.0,5.0,0.0,0.0
71826,0.0,0.0,0.0,0.0,0.0,5.0,5.0,0.0
71828,0.0,0.0,0.0,0.0,10.0,5.0,5.0,10.0
71829,0.0,0.0,0.0,0.0,0.0,0.0,5.0,0.0
71830,0.0,0.0,0.0,0.0,0.0,0.0,0.0,10.0
71837,0.0,0.0,0.0,0.0,0.0,5.0,0.0,0.0
71846,0.0,0.0,0.0,0.0,0.0,0.0,5.0,0.0
71848,0.0,10.0,0.0,0.0,0.0,0.0,0.0,0.0
71850,0.0,0.0,0.0,0.0,0.0,5.0,5.0,5.0
71852,0.0,0.0,0.0,0.0,0.0,5.0,0.0,0.0
71853,0.0,0.0,0.0,0.0,0.0,5.0,0.0,10.0
71854,0.0,10.0,0.0,0.0,0.0,0.0,5.0,0.0
71856,0.0,0.0,0.0,0.0,0.0,5.0,0.0,0.0
71858,0.0,0.0,0.0,0.0,0.0,5.0,0.0,0.0
71860,0.0,0.0,0.0,0.0,0.0,5.0,0.0,0.0
71862,0.0,0.0,0.0,0.0,0.0,5.0,0.0,0.0
71865,0.0,0.0,0.0,0.0,0.0,5.0,5.0,10.0
71866,0.0,0.0,0.0,0.0,0.0,5.0,0.0,5.0
71867,0.0,0.0,0.0,0.0,0.0,5.0,0.0,5.0
71868,0.0,0.0,0.0,0.0,5.0,0.0,0.0,5.0
71871,0.0,0.0,0.0,0.0,0.0,0.0,5.0,0.0
71874,0.0,0.0,0.0,0.0,5.0,0.0,0.0,0.0
71876,0.0,0.0,0.0,0.0,0.0,10.0,0.0,10.0
71878,0.0,0.0,0.0,0.0,5.0,0.0,0.0,0.0
71881,0.0,0.0,0.0,0.0,5.0,5.0,0.0,0.0
71890,0.0,0.0,0.0,0.0,0.0,5.0,0.0,5.0
74395,0.0,0.0,0.0,0.0,0.0,5.0,0.0,0.0
74396,0.0,0.0,0.0,0.0,0.0,5.0,0.0,0.0
74397,0.0,0.0,0.0,0.0,0.0,5.0,0.0,0.0
74442,0.0,0.0,0.0,0.0,5.0,0.0,0.0,0.0
74461,0.0,0.0,0.0,0.0,0.0,0.0,0.0,5.0
74498,0.0,0.0,0.0,0.0,0.0,0.0,0.0,5.0
74499,0.0,0.0,0.0,0.0,0.0,0.0,0.0,10.0
74503,0.0,0.0,0.0,0.0,0.0,5.0,0.0,15.0
74561,0.0,0.0,0.0,0.0,0.0,10.0,5.0,0.0
74565,0.0,0.0,0.0,0.0,5.0,5.0,0.0,0.0
96634,0.0,0.0,0.0,0.0,0.0,0.0,0.0,5.0
96636,0.0,0.0,0.0,0.0,5.0,0.0,0.0,0.0
96642,0.0,0.0,0.0,0.0,0.0,5.0,0.0,0.0
96647,0.0,0.0,0.0,0.0,0.0,10.0,0.0,10.0
96648,0.0,0.0,0.0,0.0,0.0,5.0,0.0,5.0
96649,0.0,0.0,0.0,0.0,0.0,5.0,0.0,5.0
96651,0.0,0.0,0.0,0.0,0.0,15.0,0.0,5.0
96652,0.0,0.0,0.0,0.0,0.0,5.0,0.0,5.0
96653,0.0,0.0,0.0,0.0,0.0,15.0,0.0,5.0
96662,0.0,0.0,0.0,0.0,0.0,5.0,0.0,5.0
96663,0.0,0.0,0.0,0.0,0.0,5.0,0.0,0.0
96664,0.0,0.0,0.0,0.0,5.0,10.0,0.0,5.0
96665,0.0,0.0,0.0,0.0,0.0,10.0,5.0,10.0
96668,0.0,0.0,0.0,0.0,0.0,5.0,5.0,5.0
96671,0.0,0.0,0.0,0.0,0.0,10.0,5.0,5.0
96672,0.0,0.0,0.0,0.0,0.0,0.0,10.0,0.0
96674,0.0,0.0,0.0,0.0,5.0,5.0,0.0,15.0
96675,0.0,0.0,0.0,0.0,0.0,5.0,0.0,0.0
96677,0.0,0.0,0.0,0.0,0.0,10.0,0.0,5.0
96679,0.0,0.0,0.0,0.0,0.0,5.0,5.0,25.0
96680,0.0,0.0,0.0,0.0,0.0,5.0,0.0,5.0
96682,0.0,0.0,0.0,0.0,5.0,20.0,0.0,15.0
96720,0.0,0.0,0.0,0.0,0.0,5.0,0.0,5.0
96725,0.0,0.0,0.0,0.0,5.0,30.0,5.0,10.0
96732,0.0,0.0,0.0,0.0,0.0,0.0,5.0,0.0
96735,0.0,0.0,0.0,0.0,0.0,0.0,10.0,0.0
96736,0.0,0.0,0.0,0.0,0.0,5.0,0.0,0.0
96742,0.0,0.0,0.0,0.0,0.0,5.0,0.0,0.0
96743,0.0,0.0,0.0,0.0,0.0,0.0,5.0,0.0
96754,0.0,0.0,0.0,0.0,0.0,0.0,5.0,0.0
96755,0.0,0.0,0.0,0.0,0.0,5.0,0.0,0.0
96757,0.0,0.0,0.0,0.0,0.0,0.0,5.0,0.0
96758,0.0,0.0,0.0,0.0,0.0,0.0,5.0,0.0
96761,0.0,0.0,0.0,0.0,0.0,10.0,0.0,5.0
96762,0.0,0.0,0.0,0.0,0.0,10.0,0.0,5.0
96763,0.0,0.0,0.0,0.0,0.0,5.0,0.0,0.0
96764,0.0,0.0,0.0,0.0,0.0,5.0,0.0,0.0
96765,0.0,0.0,0.0,0.0,0.0,5.0,0.0,5.0
96767,0.0,0.0,0.0,0.0,0.0,0.0,0.0,5.0
96768,0.0,0.0,0.0,0.0,0.0,5.0,0.0,0.0
96773,0.0,0.0,0.0,0.0,0.0,5.0,0.0,0.0
96774,0.0,0.0,0.0,0.0,0.0,5.0,0.0,0.0
96775,0.0,0.0,0.0,0.0,0.0,10.0,0.0,0.0
96776,0.0,0.0,0.0,0.0,0.0,5.0,0.0,5.0
96777,0.0,0.0,0.0,0.0,0.0,10.0,5.0,5.0
96778,0.0,0.0,0.0,0.0,0.0,5.0,0.0,0.0
96786,0.0,0.0,0.0,0.0,0.0,10.0,0.0,0.0
96792,0.0,0.0,0.0,0.0,0.0,5.0,0.0,0.0
96793,0.0,0.0,0.0,0.0,0.0,5.0,0.0,0.0
96794,0.0,0.0,0.0,0.0,5.0,0.0,0.0,15.0
96795,0.0,0.0,0.0,0.0,0.0,5.0,0.0,0.0
96801,0.0,0.0,0.0,0.0,0.0,5.0,0.0,0.0
96804,0.0,0.0,0.0,0.0,5.0,0.0,0.0,5.0
96805,0.0,0.0,0.0,0.0,0.0,0.0,5.0,0.0
96807,0.0,0.0,0.0,0.0,0.0,20.0,0.0,15.0
96808,0.0,0.0,0.0,0.0,10.0,0.0,0.0,0.0
96813,0.0,0.0,0.0,0.0,0.0,0.0,0.0,5.0
96826,0.0,0.0,0.0,0.0,0.0,0.0,0.0,5.0
96827,0.0,0.0,0.0,0.0,0.0,0.0,0.0,5.0
96831,0.0,0.0,0.0,0.0,0.0,0.0,0.0,5.0
96834,0.0,0.0,0.0,0.0,5.0,5.0,0.0,0.0
96835,0.0,0.0,0.0,0.0,0.0,5.0,0.0,0.0
96844,0.0,0.0,0.0,0.0,0.0,10.0,5.0,0.0
96846,0.0,0.0,0.0,0.0,0.0,0.0,5.0,10.0
96855,0.0,0.0,0.0,0.0,0.0,5.0,5.0,10.0
96856,0.0,0.0,0.0,0.0,0.0,15.0,10.0,15.0
96857,0.0,0.0,0.0,0.0,0.0,10.0,0.0,5.0
96863,0.0,0.0,0.0,0.0,0.0,5.0,0.0,0.0
96869,0.0,0.0,0.0,0.0,0.0,5.0,0.0,5.0
96875,0.0,0.0,0.0,0.0,0.0,10.0,0.0,5.0
96876,0.0,5.0,0.0,0.0,0.0,0.0,0.0,5.0
96881,0.0,0.0,0.0,0.0,0.0,5.0,0.0,0.0
96882,0.0,0.0,0.0,0.0,0.0,5.0,0.0,5.0
96889,0.0,0.0,0.0,0.0,5.0,0.0,0.0,0.0
96898,0.0,0.0,0.0,0.0,0.0,0.0,5.0,0.0
96899,0.0,0.0,0.0,0.0,0.0,5.0,5.0,5.0
96904,0.0,0.0,0.0,0.0,0.0,5.0,0.0,0.0
96914,0.0,0.0,0.0,0.0,0.0,0.0,5.0,0.0
96919,0.0,0.0,0.0,0.0,0.0,5.0,0.0,10.0
96921,0.0,0.0,0.0,0.0,0.0,0.0,5.0,0.0
96922,0.0,0.0,0.0,0.0,0.0,0.0,5.0,0.0
96923,0.0,0.0,0.0,0.0,0.0,10.0,0.0,10.0
96926,0.0,0.0,0.0,0.0,0.0,5.0,0.0,0.0
96927,0.0,0.0,0.0,0.0,0.0,0.0,0.0,5.0
96928,0.0,0.0,0.0,0.0,0.0,0.0,0.0,5.0
96929,0.0,0.0,0.0,0.0,0.0,5.0,0.0,5.0
96930,0.0,0.0,0.0,0.0,0.0,5.0,0.0,5.0
96933,0.0,0.0,0.0,0.0,0.0,0.0,0.0,5.0
96936,0.0,0.0,0.0,0.0,0.0,5.0,0.0,0.0
96939,0.0,0.0,0.0,0.0,0.0,0.0,0.0,5.0
96947,0.0,0.0,0.0,0.0,0.0,5.0,0.0,0.0
96957,0.0,0.0,0.0,0.0,0.0,15.0,0.0,5.0
96961,0.0,0.0,0.0,0.0,0.0,0.0,0.0,5.0
96963,0.0,0.0,0.0,0.0,0.0,0.0,0.0,5.0
96966,0.0,0.0,0.0,0.0,0.0,5.0,0.0,0.0
96967,0.0,0.0,0.0,0.0,0.0,5.0,0.0,0.0
96974,0.0,0.0,0.0,0.0,0.0,10.0,5.0,10.0
96975,0.0,0.0,0.0,0.0,0.0,10.0,0.0,10.0
96976,0.0,0.0,0.0,0.0,0.0,5.0,0.0,0.0
96978,0.0,0.0,0.0,0.0,0.0,10.0,0.0,0.0
96979,0.0,0.0,0.0,0.0,0.0,15.0,0.0,10.0
96991,0.0,0.0,0.0,0.0,0.0,0.0,0.0,5.0
96996,0.0,0.0,0.0,0.0,0.0,5.0,0.0,0.0
97003,0.0,0.0,0.0,0.0,0.0,5.0,0.0,10.0
97020,0.0,0.0,0.0,0.0,0.0,5.0,0.0,0.0
97025,0.0,0.0,0.0,0.0,0.0,5.0,0.0,0.0
97026,0.0,0.0,0.0,0.0,0.0,5.0,0.0,5.0
97030,0.0,0.0,0.0,0.0,0.0,5.0,0.0,5.0
97038,0.0,0.0,0.0,0.0,5.0,5.0,0.0,0.0
97042,0.0,0.0,0.0,0.0,0.0,5.0,0.0,5.0
97043,0.0,0.0,0.0,0.0,0.0,0.0,0.0,5.0
97047,0.0,0.0,0.0,0.0,0.0,5.0,0.0,5.0
97053,0.0,0.0,0.0,0.0,0.0,5.0,0.0,5.0
97055,0.0,0.0,0.0,0.0,0.0,15.0,0.0,5.0
97056,0.0,0.0,0.0,0.0,0.0,5.0,0.0,10.0
97057,0.0,0.0,0.0,0.0,0.0,0.0,0.0,5.0
97058,0.0,0.0,0.0,0.0,0.0,5.0,0.0,0.0
97071,0.0,0.0,0.0,0.0,5.0,5.0,0.0,5.0
97076,0.0,0.0,0.0,0.0,0.0,5.0,0.0,0.0
97080,0.0,0.0,0.0,0.0,0.0,5.0,0.0,5.0
97094,0.0,0.0,0.0,0.0,0.0,0.0,5.0,0.0
97101,0.0,0.0,0.0,0.0,0.0,0.0,5.0,0.0
97102,0.0,0.0,0.0,0.0,0.0,5.0,0.0,0.0
97106,0.0,0.0,0.0,0.0,0.0,20.0,0.0,0.0
97107,0.0,0.0,0.0,0.0,5.0,0.0,0.0,0.0
97108,0.0,0.0,0.0,0.0,5.0,5.0,0.0,5.0
97109,0.0,0.0,0.0,0.0,0.0,5.0,0.0,0.0
97113,0.0,0.0,0.0,0.0,0.0,5.0,0.0,0.0
97116,0.0,0.0,0.0,0.0,0.0,5.0,0.0,0.0
97118,0.0,0.0,0.0,0.0,0.0,5.0,0.0,0.0
97119,0.0,0.0,0.0,0.0,0.0,5.0,0.0,0.0
97122,0.0,0.0,0.0,0.0,0.0,0.0,0.0,5.0
97125,0.0,0.0,0.0,0.0,0.0,0.0,0.0,5.0
97128,0.0,0.0,0.0,0.0,0.0,0.0,0.0,5.0
97147,0.0,0.0,0.0,0.0,0.0,10.0,0.0,0.0
97148,0.0,0.0,0.0,0.0,0.0,5.0,0.0,5.0
97149,0.0,0.0,0.0,0.0,0.0,20.0,0.0,5.0
97159,0.0,0.0,0.0,0.0,0.0,10.0,0.0,0.0
97161,0.0,0.0,0.0,0.0,0.0,5.0,0.0,0.0
97166,0.0,0.0,0.0,0.0,0.0,5.0,5.0,5.0
97168,0.0,0.0,0.0,0.0,0.0,15.0,0.0,5.0
97169,0.0,0.0,0.0,0.0,0.0,5.0,0.0,5.0
97170,0.0,0.0,0.0,0.0,0.0,10.0,0.0,0.0
97171,0.0,0.0,0.0,0.0,0.0,15.0,0.0,5.0
97172,0.0,0.0,0.0,0.0,0.0,5.0,0.0,10.0
97173,0.0,0.0,0.0,0.0,5.0,0.0,0.0,0.0
97182,0.0,0.0,0.0,0.0,5.0,30.0,15.0,10.0
97184,0.0,0.0,0.0,0.0,0.0,0.0,0.0,5.0
97187,0.0,0.0,0.0,0.0,0.0,5.0,0.0,0.0
97188,0.0,0.0,0.0,0.0,0.0,10.0,0.0,5.0
97190,0.0,0.0,0.0,0.0,0.0,45.0,0.0,50.0
97191,0.0,0.0,0.0,0.0,5.0,95.0,0.0,45.0
97192,0.0,0.0,0.0,0.0,0.0,10.0,0.0,20.0
97193,0.0,0.0,0.0,0.0,0.0,5.0,0.0,0.0
97194,0.0,0.0,0.0,0.0,5.0,0.0,0.0,5.0
97195,0.0,0.0,0.0,0.0,0.0,10.0,0.0,0.0
97197,0.0,0.0,0.0,0.0,0.0,0.0,0.0,5.0
97198,0.0,0.0,0.0,0.0,0.0,15.0,0.0,5.0
97199,0.0,0.0,0.0,0.0,0.0,0.0,0.0,10.0
97200,0.0,0.0,0.0,0.0,0.0,0.0,0.0,5.0
97203,0.0,0.0,0.0,0.0,5.0,5.0,5.0,5.0
97204,0.0,0.0,0.0,0.0,5.0,20.0,15.0,30.0
97205,0.0,0.0,0.0,0.0,0.0,5.0,0.0,10.0
97206,0.0,0.0,0.0,0.0,0.0,10.0,0.0,10.0
97207,0.0,0.0,0.0,0.0,0.0,0.0,5.0,5.0
97209,0.0,0.0,0.0,0.0,0.0,10.0,5.0,15.0
97210,0.0,0.0,0.0,0.0,0.0,5.0,0.0,5.0
97211,0.0,0.0,0.0,0.0,0.0,5.0,0.0,0.0
97212,0.0,0.0,0.0,0.0,0.0,5.0,0.0,0.0
97213,0.0,0.0,0.0,0.0,0.0,5.0,5.0,0.0
97214,0.0,0.0,0.0,0.0,0.0,15.0,0.0,40.0
97217,0.0,0.0,0.0,0.0,0.0,5.0,0.0,5.0
97218,0.0,0.0,0.0,0.0,0.0,10.0,0.0,0.0
97219,0.0,0.0,0.0,0.0,5.0,5.0,5.0,10.0
97226,0.0,0.0,0.0,0.0,0.0,5.0,0.0,5.0
97227,0.0,0.0,0.0,0.0,0.0,0.0,0.0,5.0
97230,0.0,0.0,0.0,0.0,0.0,5.0,0.0,0.0
97232,0.0,0.0,0.0,0.0,0.0,5.0,5.0,0.0
97233,0.0,0.0,0.0,0.0,0.0,0.0,0.0,5.0
97234,0.0,0.0,0.0,0.0,0.0,5.0,0.0,5.0
97236,0.0,0.0,0.0,0.0,0.0,15.0,0.0,10.0
97237,0.0,0.0,0.0,0.0,0.0,15.0,20.0,15.0
97242,0.0,0.0,0.0,0.0,0.0,5.0,0.0,5.0
97244,0.0,0.0,0.0,0.0,0.0,5.0,0.0,0.0
97245,0.0,0.0,0.0,0.0,0.0,10.0,0.0,5.0
97247,0.0,0.0,0.0,0.0,0.0,0.0,0.0,10.0
97251,0.0,0.0,0.0,0.0,0.0,5.0,0.0,0.0
97257,0.0,0.0,0.0,0.0,5.0,0.0,0.0,0.0
97258,0.0,0.0,0.0,0.0,0.0,0.0,0.0,5.0
97259,0.0,0.0,0.0,0.0,0.0,5.0,5.0,5.0
97260,0.0,0.0,0.0,0.0,0.0,5.0,0.0,0.0
97261,0.0,0.0,0.0,0.0,0.0,10.0,0.0,0.0
97264,0.0,0.0,0.0,0.0,0.0,10.0,0.0,0.0
97265,0.0,0.0,0.0,0.0,5.0,10.0,0.0,5.0
97266,0.0,0.0,0.0,0.0,0.0,0.0,5.0,0.0
97268,0.0,0.0,0.0,0.0,0.0,10.0,0.0,0.0
97269,0.0,0.0,0.0,0.0,0.0,5.0,0.0,5.0
97270,0.0,0.0,0.0,0.0,0.0,0.0,0.0,5.0
97271,0.0,0.0,0.0,0.0,0.0,5.0,0.0,0.0
97272,0.0,0.0,0.0,0.0,5.0,5.0,0.0,5.0
97273,0.0,0.0,0.0,0.0,0.0,5.0,0.0,5.0
97274,0.0,0.0,0.0,0.0,0.0,5.0,0.0,5.0
97281,0.0,0.0,0.0,0.0,0.0,5.0,0.0,0.0
97291,0.0,0.0,0.0,0.0,0.0,0.0,0.0,5.0
97292,0.0,0.0,0.0,0.0,0.0,5.0,0.0,0.0
97295,0.0,0.0,0.0,0.0,0.0,5.0,0.0,15.0
97296,0.0,0.0,0.0,0.0,0.0,5.0,0.0,5.0
97301,0.0,0.0,0.0,0.0,0.0,10.0,0.0,5.0
97302,0.0,0.0,0.0,0.0,5.0,30.0,0.0,10.0
97307,0.0,0.0,0.0,0.0,0.0,5.0,0.0,0.0
97308,0.0,0.0,0.0,0.0,0.0,0.0,0.0,5.0
97309,0.0,0.0,0.0,0.0,0.0,0.0,0.0,5.0
97310,0.0,0.0,0.0,0.0,0.0,5.0,0.0,5.0
97311,0.0,0.0,0.0,0.0,0.0,0.0,5.0,0.0
97314,0.0,0.0,0.0,0.0,0.0,0.0,0.0,5.0
97316,0.0,0.0,0.0,0.0,0.0,5.0,0.0,5.0
97317,0.0,0.0,0.0,0.0,0.0,0.0,5.0,0.0
97318,0.0,0.0,0.0,0.0,0.0,10.0,0.0,10.0
97320,0.0,0.0,0.0,0.0,0.0,10.0,0.0,5.0
97321,0.0,0.0,0.0,0.0,0.0,5.0,0.0,0.0
97322,0.0,0.0,0.0,0.0,0.0,0.0,0.0,5.0
97323,0.0,0.0,0.0,0.0,5.0,15.0,0.0,10.0
97324,0.0,0.0,0.0,0.0,0.0,10.0,0.0,15.0
97331,0.0,0.0,0.0,0.0,0.0,5.0,5.0,0.0
97333,0.0,0.0,0.0,0.0,0.0,10.0,0.0,5.0
97334,0.0,0.0,0.0,0.0,0.0,0.0,0.0,5.0
97335,0.0,0.0,0.0,0.0,0.0,5.0,0.0,0.0
97347,0.0,0.0,0.0,0.0,0.0,10.0,0.0,5.0
97348,0.0,0.0,0.0,0.0,0.0,40.0,0.0,25.0
97349,0.0,0.0,0.0,0.0,0.0,15.0,0.0,10.0
97362,0.0,0.0,0.0,0.0,0.0,5.0,0.0,0.0
97390,0.0,0.0,0.0,0.0,0.0,10.0,0.0,10.0
97392,0.0,0.0,0.0,0.0,0.0,5.0,0.0,0.0
97394,0.0,0.0,0.0,0.0,0.0,5.0,5.0,10.0
97395,0.0,0.0,0.0,0.0,10.0,0.0,5.0,0.0
97396,0.0,0.0,0.0,0.0,0.0,5.0,0.0,5.0
97397,0.0,0.0,0.0,0.0,0.0,5.0,0.0,0.0
97398,0.0,0.0,0.0,0.0,0.0,5.0,0.0,0.0
97399,0.0,0.0,0.0,0.0,0.0,10.0,5.0,5.0
97400,0.0,0.0,0.0,0.0,5.0,5.0,0.0,0.0
97404,0.0,0.0,0.0,0.0,0.0,5.0,0.0,0.0
97405,0.0,0.0,0.0,0.0,5.0,5.0,0.0,15.0
97407,0.0,0.0,0.0,0.0,0.0,5.0,0.0,5.0
97415,0.0,0.0,0.0,0.0,0.0,0.0,0.0,5.0
97416,0.0,0.0,0.0,0.0,0.0,65.0,0.0,35.0
97423,0.0,0.0,0.0,0.0,5.0,45.0,5.0,25.0
97424,0.0,5.0,0.0,0.0,0.0,55.0,15.0,45.0
97425,0.0,0.0,0.0,0.0,0.0,5.0,0.0,0.0
97426,0.0,0.0,0.0,0.0,0.0,5.0,5.0,5.0
97428,0.0,0.0,0.0,0.0,0.0,5.0,10.0,0.0
97429,0.0,0.0,0.0,0.0,0.0,5.0,0.0,0.0
97431,0.0,0.0,0.0,0.0,0.0,5.0,0.0,0.0
97432,0.0,0.0,0.0,0.0,5.0,15.0,15.0,15.0
97433,0.0,0.0,0.0,0.0,5.0,5.0,0.0,5.0
97435,0.0,0.0,0.0,0.0,0.0,5.0,0.0,0.0
97436,0.0,0.0,0.0,0.0,0.0,10.0,0.0,0.0
97437,0.0,0.0,0.0,0.0,0.0,15.0,0.0,10.0
97442,0.0,0.0,0.0,0.0,0.0,0.0,0.0,5.0
97443,0.0,0.0,0.0,0.0,0.0,10.0,5.0,0.0
97444,0.0,0.0,0.0,0.0,0.0,10.0,0.0,0.0
97447,0.0,0.0,0.0,0.0,0.0,0.0,0.0,5.0
97455,0.0,0.0,0.0,0.0,0.0,5.0,5.0,0.0
97457,0.0,0.0,0.0,0.0,0.0,0.0,5.0,0.0
97458,0.0,0.0,0.0,0.0,0.0,5.0,0.0,10.0
97459,0.0,0.0,0.0,0.0,5.0,0.0,0.0,5.0
97466,0.0,0.0,0.0,0.0,0.0,10.0,0.0,10.0
97467,0.0,0.0,0.0,0.0,0.0,0.0,0.0,5.0
97468,0.0,0.0,0.0,0.0,0.0,10.0,0.0,5.0
97470,0.0,0.0,0.0,0.0,5.0,30.0,0.0,5.0
97471,0.0,0.0,0.0,0.0,0.0,20.0,0.0,5.0
97472,0.0,0.0,0.0,0.0,0.0,10.0,0.0,5.0
97473,0.0,0.0,0.0,0.0,5.0,5.0,0.0,0.0
97474,0.0,0.0,0.0,0.0,0.0,15.0,5.0,10.0
97476,0.0,0.0,0.0,0.0,0.0,0.0,10.0,0.0
97477,0.0,0.0,0.0,0.0,0.0,0.0,0.0,5.0
97479,0.0,0.0,0.0,0.0,0.0,10.0,0.0,0.0
97480,0.0,0.0,0.0,0.0,0.0,5.0,0.0,10.0
97481,0.0,0.0,0.0,0.0,5.0,10.0,5.0,5.0
97482,0.0,0.0,0.0,0.0,0.0,0.0,5.0,0.0
97484,0.0,0.0,0.0,0.0,0.0,5.0,0.0,0.0
97485,0.0,0.0,0.0,0.0,0.0,0.0,5.0,0.0
97486,0.0,0.0,0.0,0.0,0.0,10.0,0.0,5.0
97487,0.0,0.0,0.0,0.0,5.0,10.0,0.0,5.0
97488,0.0,0.0,0.0,0.0,0.0,5.0,0.0,5.0
97489,0.0,0.0,0.0,0.0,0.0,15.0,10.0,20.0
97490,0.0,0.0,0.0,0.0,0.0,10.0,0.0,20.0
97491,0.0,0.0,0.0,0.0,0.0,5.0,0.0,5.0
97492,0.0,0.0,0.0,0.0,0.0,0.0,15.0,5.0
97493,0.0,0.0,0.0,0.0,0.0,0.0,0.0,5.0
97494,0.0,0.0,0.0,0.0,0.0,15.0,0.0,5.0
97498,0.0,0.0,0.0,0.0,0.0,20.0,0.0,15.0
97502,0.0,0.0,0.0,0.0,0.0,10.0,0.0,10.0
97503,0.0,0.0,0.0,0.0,0.0,15.0,0.0,5.0
97504,0.0,0.0,0.0,0.0,0.0,10.0,0.0,20.0
97505,0.0,0.0,0.0,0.0,0.0,5.0,0.0,20.0
97506,0.0,0.0,0.0,0.0,0.0,10.0,0.0,10.0
97508,0.0,0.0,0.0,0.0,0.0,20.0,0.0,15.0
97509,0.0,0.0,0.0,0.0,15.0,75.0,5.0,40.0
97510,0.0,0.0,0.0,0.0,5.0,40.0,0.0,20.0
97511,0.0,10.0,0.0,0.0,0.0,50.0,5.0,25.0
97512,0.0,0.0,0.0,0.0,5.0,30.0,15.0,40.0
97513,0.0,0.0,0.0,0.0,0.0,5.0,0.0,0.0
97514,0.0,0.0,0.0,0.0,0.0,15.0,0.0,0.0
97515,0.0,0.0,0.0,0.0,0.0,10.0,0.0,15.0
97516,0.0,0.0,0.0,0.0,0.0,5.0,0.0,15.0
97544,0.0,0.0,0.0,0.0,0.0,0.0,0.0,10.0
97549,0.0,0.0,0.0,0.0,0.0,5.0,0.0,0.0
97551,0.0,0.0,0.0,0.0,0.0,5.0,0.0,0.0
97591,0.0,0.0,0.0,0.0,0.0,5.0,0.0,0.0
97600,0.0,0.0,0.0,0.0,0.0,5.0,5.0,5.0
97603,0.0,0.0,0.0,0.0,0.0,10.0,0.0,5.0
97619,0.0,0.0,0.0,0.0,0.0,10.0,0.0,5.0
97624,0.0,0.0,0.0,0.0,0.0,10.0,0.0,0.0
97627,0.0,0.0,0.0,0.0,0.0,10.0,0.0,5.0
97629,0.0,0.0,0.0,0.0,0.0,5.0,0.0,10.0
97630,0.0,0.0,0.0,0.0,0.0,5.0,0.0,0.0
97633,0.0,0.0,0.0,0.0,0.0,30.0,0.0,20.0
97642,0.0,0.0,0.0,0.0,0.0,0.0,0.0,10.0
97643,0.0,0.0,0.0,0.0,5.0,5.0,0.0,0.0
97646,0.0,0.0,0.0,0.0,5.0,0.0,0.0,0.0
97663,0.0,0.0,0.0,0.0,0.0,0.0,5.0,0.0
97689,0.0,0.0,0.0,0.0,10.0,10.0,5.0,10.0
97697,0.0,0.0,0.0,0.0,0.0,0.0,0.0,5.0
97698,0.0,0.0,0.0,0.0,0.0,5.0,0.0,0.0
97709,0.0,0.0,0.0,0.0,0.0,0.0,0.0,5.0
97727,0.0,0.0,0.0,0.0,0.0,5.0,0.0,0.0
97728,0.0,0.0,0.0,0.0,0.0,25.0,0.0,10.0
97730,0.0,0.0,0.0,0.0,0.0,5.0,0.0,0.0
97732,0.0,0.0,0.0,0.0,0.0,0.0,5.0,0.0
97733,0.0,0.0,0.0,0.0,0.0,5.0,0.0,5.0
97734,0.0,0.0,0.0,0.0,0.0,5.0,0.0,5.0
97746,0.0,0.0,0.0,0.0,5.0,0.0,0.0,0.0
97758,0.0,0.0,0.0,0.0,0.0,0.0,0.0,5.0
97759,0.0,0.0,0.0,0.0,0.0,10.0,0.0,10.0
97763,0.0,0.0,0.0,0.0,0.0,10.0,0.0,0.0
97765,0.0,0.0,0.0,0.0,0.0,5.0,0.0,0.0
97768,0.0,0.0,0.0,0.0,0.0,5.0,0.0,5.0
97772,0.0,0.0,0.0,0.0,0.0,20.0,5.0,10.0
97773,0.0,0.0,0.0,0.0,0.0,5.0,0.0,10.0
97776,0.0,0.0,0.0,0.0,10.0,0.0,0.0,0.0
97780,0.0,0.0,0.0,0.0,10.0,0.0,5.0,0.0
97783,0.0,0.0,0.0,0.0,5.0,0.0,0.0,0.0
97789,0.0,0.0,0.0,0.0,0.0,0.0,5.0,0.0
97790,0.0,10.0,0.0,0.0,0.0,15.0,0.0,5.0
97803,0.0,0.0,0.0,0.0,5.0,5.0,0.0,0.0
97804,0.0,0.0,0.0,0.0,0.0,5.0,0.0,0.0
97807,0.0,0.0,0.0,0.0,0.0,0.0,5.0,0.0
97818,0.0,0.0,0.0,0.0,0.0,5.0,0.0,0.0
97819,0.0,0.0,0.0,0.0,0.0,15.0,0.0,5.0
97820,0.0,0.0,0.0,0.0,0.0,10.0,0.0,0.0
97821,0.0,0.0,0.0,0.0,0.0,5.0,0.0,0.0
97822,0.0,0.0,0.0,0.0,0.0,0.0,0.0,5.0
97823,0.0,0.0,0.0,0.0,0.0,0.0,0.0,5.0
97845,0.0,0.0,0.0,0.0,0.0,10.0,5.0,5.0
97847,0.0,0.0,0.0,0.0,0.0,0.0,0.0,5.0
97848,0.0,0.0,0.0,0.0,0.0,5.0,0.0,0.0
97851,0.0,0.0,0.0,0.0,0.0,0.0,5.0,0.0
97852,0.0,0.0,0.0,0.0,0.0,10.0,0.0,5.0
97857,0.0,0.0,0.0,0.0,0.0,0.0,0.0,5.0
97859,0.0,0.0,0.0,0.0,5.0,0.0,0.0,0.0
97861,0.0,0.0,0.0,0.0,0.0,10.0,0.0,5.0
97867,0.0,0.0,0.0,0.0,0.0,5.0,0.0,0.0
97868,0.0,0.0,0.0,0.0,0.0,0.0,0.0,5.0
97869,0.0,0.0,0.0,0.0,0.0,5.0,0.0,0.0
97870,0.0,0.0,0.0,0.0,0.0,0.0,0.0,10.0
97871,0.0,0.0,0.0,0.0,0.0,0.0,5.0,0.0
97872,0.0,0.0,0.0,0.0,5.0,10.0,0.0,0.0
97880,0.0,0.0,0.0,0.0,0.0,0.0,0.0,5.0
97900,0.0,0.0,0.0,0.0,0.0,0.0,5.0,0.0
97901,0.0,0.0,0.0,0.0,0.0,10.0,5.0,0.0
97911,0.0,0.0,0.0,0.0,0.0,0.0,0.0,5.0
97916,0.0,0.0,0.0,0.0,0.0,5.0,0.0,0.0
97917,0.0,0.0,0.0,0.0,0.0,10.0,5.0,10.0
97918,0.0,0.0,0.0,0.0,0.0,10.0,0.0,0.0
97919,0.0,0.0,0.0,0.0,0.0,5.0,0.0,0.0
97929,0.0,0.0,0.0,0.0,0.0,0.0,5.0,0.0
97930,0.0,0.0,0.0,0.0,0.0,15.0,0.0,0.0
97933,0.0,0.0,0.0,0.0,0.0,0.0,5.0,0.0
97935,0.0,0.0,0.0,0.0,0.0,5.0,0.0,5.0
97937,0.0,0.0,0.0,0.0,0.0,5.0,0.0,5.0
97939,0.0,0.0,0.0,0.0,0.0,10.0,0.0,10.0
97940,0.0,0.0,0.0,0.0,0.0,0.0,5.0,0.0
97955,0.0,0.0,0.0,0.0,0.0,10.0,0.0,0.0
97956,0.0,0.0,0.0,0.0,0.0,5.0,0.0,0.0
97969,0.0,0.0,0.0,0.0,0.0,0.0,0.0,5.0
97972,0.0,0.0,0.0,0.0,0.0,10.0,5.0,5.0
97975,0.0,0.0,0.0,0.0,0.0,0.0,0.0,5.0
97978,0.0,0.0,0.0,0.0,10.0,20.0,0.0,10.0
97979,0.0,0.0,0.0,0.0,0.0,0.0,5.0,0.0
97982,0.0,10.0,0.0,0.0,0.0,5.0,0.0,0.0
97983,0.0,0.0,0.0,0.0,0.0,20.0,0.0,15.0
97984,0.0,0.0,0.0,0.0,0.0,15.0,0.0,0.0
97985,0.0,0.0,0.0,0.0,0.0,5.0,0.0,0.0
97986,0.0,0.0,0.0,0.0,0.0,10.0,0.0,10.0
97987,0.0,0.0,0.0,0.0,0.0,5.0,0.0,5.0
97988,0.0,0.0,0.0,0.0,0.0,15.0,0.0,0.0
97990,0.0,0.0,0.0,0.0,0.0,5.0,0.0,5.0
97991,0.0,0.0,0.0,0.0,0.0,5.0,0.0,0.0
97993,0.0,0.0,0.0,0.0,0.0,5.0,0.0,0.0
97994,0.0,0.0,0.0,0.0,5.0,15.0,5.0,5.0
97995,0.0,0.0,0.0,0.0,0.0,15.0,0.0,5.0
97997,0.0,0.0,0.0,0.0,0.0,5.0,0.0,0.0
97999,0.0,0.0,0.0,0.0,0.0,5.0,0.0,0.0
98000,0.0,0.0,0.0,0.0,0.0,5.0,0.0,0.0
98007,0.0,0.0,0.0,0.0,0.0,10.0,0.0,0.0
98017,0.0,0.0,0.0,0.0,0.0,10.0,0.0,5.0
98018,0.0,0.0,0.0,0.0,0.0,5.0,0.0,0.0
98020,0.0,0.0,0.0,0.0,0.0,5.0,0.0,0.0
98023,0.0,0.0,0.0,0.0,0.0,0.0,0.0,5.0
98029,0.0,0.0,0.0,0.0,0.0,0.0,5.0,0.0
98030,0.0,0.0,0.0,0.0,15.0,10.0,0.0,0.0
